route_id,route_nodes,route_length
0,"[0, 1, 4, 2, 0]",5.008540386527336
1,"[0, 3, 5, 0]",4.505223585099104
